Year,Female_1 year,Female_10 years,Female_11 years,Female_12 years,Female_13 years,Female_14 years,Female_15 years,Female_16 years,Female_17 years,Female_18 years,Female_19 years,Female_2 years,Female_20 years,Female_21 years,Female_22 years,Female_23 years,Female_24 years,Female_25 years,Female_26 years,Female_27 years,Female_28 years,Female_29 years,Female_3 years,Female_30 years,Female_31 years,Female_32 years,Female_33 years,Female_34 years,Female_35 years,Female_36 years,Female_37 years,Female_38 years,Female_39 years,Female_4 years,Female_40 years,Female_41 years,Female_42 years,Female_43 years,Female_44 years,Female_45 years,Female_46 years,Female_47 years,Female_48 years,Female_49 years,Female_5 years,Female_50 years,Female_51 years,Female_52 years,Female_53 years,Female_54 years,Female_55 years,Female_56 years,Female_57 years,Female_58 years,Female_59 years,Female_6 years,Female_60 years,Female_61 years,Female_62 years,Female_63 years,Female_64 years,Female_65 years,Female_66 years,Female_67 years,Female_68 years,Female_69 years,Female_7 years,Female_70 years,Female_71 years,Female_72 years,Female_73 years,Female_74 years,Female_75 years,Female_76 years,Female_77 years,Female_78 years,Female_79 years,Female_8 years,Female_80 years,Female_81 years,Female_82 years,Female_83 years,Female_84 years,Female_85 years,Female_86 years,Female_87 years,Female_88 years,Female_89 years,Female_9 years,Female_90 years,Female_91 years,Female_92 years,Female_93 years,Female_94 years,Female_95 years,Female_96 years,Female_97 years,Female_98 years,Female_99 years and over,Female_Under 1 year,Male_1 year,Male_10 years,Male_11 years,Male_12 years,Male_13 years,Male_14 years,Male_15 years,Male_16 years,Male_17 years,Male_18 years,Male_19 years,Male_2 years,Male_20 years,Male_21 years,Male_22 years,Male_23 years,Male_24 years,Male_25 years,Male_26 years,Male_27 years,Male_28 years,Male_29 years,Male_3 years,Male_30 years,Male_31 years,Male_32 years,Male_33 years,Male_34 years,Male_35 years,Male_36 years,Male_37 years,Male_38 years,Male_39 years,Male_4 years,Male_40 years,Male_41 years,Male_42 years,Male_43 years,Male_44 years,Male_45 years,Male_46 years,Male_47 years,Male_48 years,Male_49 years,Male_5 years,Male_50 years,Male_51 years,Male_52 years,Male_53 years,Male_54 years,Male_55 years,Male_56 years,Male_57 years,Male_58 years,Male_59 years,Male_6 years,Male_60 years,Male_61 years,Male_62 years,Male_63 years,Male_64 years,Male_65 years,Male_66 years,Male_67 years,Male_68 years,Male_69 years,Male_7 years,Male_70 years,Male_71 years,Male_72 years,Male_73 years,Male_74 years,Male_75 years,Male_76 years,Male_77 years,Male_78 years,Male_79 years,Male_8 years,Male_80 years,Male_81 years,Male_82 years,Male_83 years,Male_84 years,Male_85 years,Male_86 years,Male_87 years,Male_88 years,Male_89 years,Male_9 years,Male_90 years,Male_91 years,Male_92 years,Male_93 years,Male_94 years,Male_95 years,Male_96 years,Male_97 years,Male_98 years,Male_99 years and over,Male_Under 1 year,Cluster
1996,23611,29942,30186,31501,33098,33983,34848,34816,33947,31746,30229,23766,29849,29452,28783,28467,27660,26956,26258,25228,25463,25777,24558,26276,26947,26919,26819,26233,26952,26117,25356,25660,25451,26096,24668,24733,23933,24317,22726,22591,22879,22718,22003,21393,26662,20962,19119,18187,17801,15760,15372,15822,15392,14481,14931,26922,14572,14040,13673,13694,13277,13505,13496,13174,13100,13278,26758,13063,12824,12469,12512,11550,11480,10797,9657,8236,8699,28115,7907,7833,7092,6389,5476,4862,4026,3253,2608,2240,29151,1822,1398,1117,841,572,467,268,183,117,319,23623,24963,31476,32124,33186,34820,35771,36884,37068,34985,33339,31674,25245,31424,30767,29618,29296,28038,27370,26355,25412,24825,25401,26005,25253,25652,25788,25788,25254,26017,25304,24901,24826,25092,27296,24451,24627,23672,24333,22981,22930,22719,22942,22774,22451,28501,21653,19579,18881,17991,16714,15963,16416,15717,14698,15015,28271,14532,13920,13757,13438,13043,12982,12722,11994,11269,11289,28190,10853,10615,10084,9669,8903,8677,7953,6953,5842,5803,29196,5285,4781,4107,3652,3249,2542,1975,1498,1154,894,31177,695,562,348,270,208,132,94,57,25,116,25231,1
1997,23986,29322,29989,30335,31584,33248,34040,34827,34915,33050,30736,23833,30318,29920,29200,28170,28271,28040,27175,26370,25417,25458,24109,25975,26766,27676,27261,27500,26618,27319,26592,25714,25789,25007,25670,24868,24920,24126,24451,22857,22716,22903,22813,22087,26345,21461,20969,19186,18106,17832,15761,15333,15869,15476,14453,26901,14934,14521,14097,13582,13622,13240,13378,13371,13004,12857,27168,13059,12777,12538,12098,12127,11081,10972,10355,9197,7787,27018,8155,7327,7179,6455,5824,4883,4255,3564,2780,2177,28274,1894,1469,1076,830,680,393,347,173,114,240,24414,25610,31329,31729,32206,33264,35019,35726,36823,37137,33986,32507,25203,31100,31303,30518,29345,29005,28436,27052,26019,25575,24872,25580,25307,25698,26190,26390,26348,25907,26516,25746,25275,25238,26209,25359,24766,24740,23785,24677,23112,22881,22945,23105,22806,27536,22523,21801,19560,18860,18024,16656,15792,16392,15686,14666,28594,14929,14591,13785,13578,13307,12874,12756,12535,11745,10963,28508,10907,10431,10061,9617,9215,8413,8099,7401,6381,5336,28184,5277,4709,4183,3537,3190,2757,2095,1687,1198,936,29401,633,521,386,223,190,136,62,33,41,72,26077,1
1998,24753,28342,29494,30080,30296,31843,33144,33983,34724,33813,32322,24257,30674,29727,29599,28759,27978,28127,27385,27576,26608,26098,23995,25825,26611,27735,28083,27824,28309,26567,27805,26921,25675,24307,26282,25635,25007,25197,24132,24449,22894,22780,22924,23024,25359,22310,21437,21208,19033,18149,17891,15637,15422,15975,15357,26628,14457,14898,14505,13999,13602,13431,13113,13407,13235,12778,27141,12728,12734,12552,12163,11782,11677,10650,10630,9894,8718,27298,7229,7708,6699,6526,5990,5114,4372,3726,3084,2342,27126,1816,1574,1111,835,717,502,294,244,106,183,25564,26427,29377,31416,31644,32251,33579,34838,35630,36931,35761,32579,25962,31670,30658,30181,30350,29481,29414,27631,27208,26138,26234,25517,25197,25849,26833,26623,27331,26771,26319,27166,25950,25644,25849,25473,25719,24830,24963,24065,24561,23126,22983,23006,23043,26734,22858,22743,21686,19651,18874,17840,16603,15791,16268,15656,27556,14535,14904,14390,13533,13504,13033,12716,12655,12233,11555,28962,10534,10433,9968,9636,9207,8570,7869,7557,6871,5899,28417,4754,4719,4179,3633,3172,2659,2317,1792,1362,1006,28584,673,481,327,309,139,129,69,6,39,55,27036,1
1999,25850,27457,28492,29491,30189,30543,31649,33072,33961,33122,32883,25106,32672,30032,28787,29494,29332,27936,27826,28482,27669,27354,24696,27106,26773,27258,27644,29194,28308,27909,26856,28414,26777,24247,26203,26035,25695,25050,25248,24024,24490,22804,22716,23060,24887,23242,22126,21506,21011,19210,18113,17771,15688,15639,15768,25416,15438,14351,14786,14442,13967,13375,13244,13097,13231,12914,27015,12621,12372,12453,12139,11789,11236,11202,10317,9968,9332,27289,8250,6785,7022,6031,6111,5163,4540,3788,3189,2620,27291,1986,1378,1136,865,749,484,388,186,171,135,25905,27462,28662,29435,31495,31779,32698,33179,34828,35983,35237,34602,26866,31580,31682,29724,30454,30185,29382,28676,27696,27893,26817,26477,26665,25642,26906,27221,27474,27891,27030,26734,27134,26447,25730,25839,25844,25570,25138,25107,23934,24319,23481,23025,22797,26545,23212,23142,22582,21824,19666,18567,17806,16796,15777,16269,26719,15518,14551,14754,14028,13644,13115,12937,12635,12358,11928,27848,11103,10027,9874,9444,9276,8480,7947,7325,6840,6426,28606,5276,4143,4168,3608,3204,2572,2199,1963,1379,1209,28953,677,525,263,275,237,94,52,18,27,45,27437,1
2000,26191,27574,27581,28496,29607,30574,30298,31669,33193,32856,32493,26503,33521,32595,29608,28034,30701,29138,27499,29144,29048,28507,25558,28137,28110,27648,27064,29076,29861,27957,28647,27474,28075,24697,27609,25949,26248,25950,25067,24989,24214,24426,22723,22908,24839,23333,22864,22313,21187,21148,19235,17819,17813,15867,15347,25004,15942,15300,14329,14863,14479,13662,13168,13350,12964,12887,25876,12727,12281,12157,12105,11780,11302,10816,10887,9667,9317,26930,8779,7835,6124,6354,5732,5242,4638,3961,3170,2642,27423,2268,1597,945,903,773,493,358,281,119,180,25998,27801,29003,28870,29377,31619,32438,32152,32899,35283,34440,34089,27886,34384,31800,30503,30376,30338,30848,28266,28854,28805,29258,27347,27197,27567,27128,27498,28107,27965,28071,27524,26606,28025,26546,26699,25867,25701,26061,25370,24853,23662,24862,23572,22887,26346,22978,23463,22944,22744,21980,19095,18546,18078,16710,15742,26390,16038,15821,14344,14413,14161,13157,13044,12819,12129,12110,27164,11450,10638,9518,9452,9210,8470,7904,7432,6644,6451,27423,5747,4698,3623,3678,3266,2572,2200,1823,1510,1157,29307,825,558,327,233,200,200,17,69,54,37,27633,1
2001,26444,27645,27763,27551,28652,29961,30246,30198,31640,31948,32133,27116,33836,32934,32244,28787,29281,31539,27925,30001,30255,29930,26989,29628,29516,29436,27452,28377,30023,29093,28349,29615,26834,25580,28898,27304,26149,26378,25893,24895,25161,24198,24254,22990,25409,23294,22836,23134,21954,21510,21154,19002,18024,18117,15528,24801,15635,15801,15157,14356,14866,14178,13462,13304,13221,12623,25342,12832,12307,12084,11766,11774,11319,10853,10577,10235,9121,25769,8752,8378,7156,5488,6149,4854,4739,4063,3383,2676,26919,2281,1821,1176,738,866,516,388,244,234,205,26658,27879,29343,29159,28715,29571,32244,31752,31838,33513,33737,33412,28332,33761,35123,30460,31148,30008,31367,29944,28804,30410,30656,28632,29871,28707,29023,27886,28742,28952,28371,28855,27179,27809,27167,28035,26960,25664,26015,26291,25116,24565,24323,24928,23471,27619,23056,23438,23114,22984,22916,21295,19096,18923,17949,16734,25906,15503,16167,15612,13873,14777,13567,12967,13109,12337,12027,27127,11699,10957,10115,9010,9305,8468,7958,7526,6734,6378,26589,5772,5171,4199,3197,3357,2648,2173,1885,1358,1360,28236,769,724,327,321,167,163,115,69,56,61,28427,1
2002,27051,27330,27735,27716,27664,29149,29513,30187,30464,30797,31814,27553,32862,33571,33262,32167,31180,30774,30845,31433,31532,32009,27327,31766,31228,30630,29261,29414,29229,29112,29865,29233,28937,26965,27984,28329,27478,26453,26439,25751,24941,25202,24143,24586,26459,23274,22770,23180,22762,22272,21495,20806,19084,18351,17731,25425,15894,15486,15713,15226,14374,14442,14025,13688,13166,12863,25363,12516,12432,12237,11755,11470,11251,10875,10674,9932,9706,25166,8690,8360,7637,6532,5355,5142,4474,4123,3524,2922,25787,2335,1849,1378,965,727,588,400,274,191,348,26694,28311,28306,29559,28911,29013,30325,31369,31495,32575,32212,32762,28794,33493,34294,34152,32019,31334,30804,30775,31225,31067,32229,28814,31622,31169,30653,29762,29171,29202,28972,29130,28632,28594,28316,27737,28070,27063,26305,26126,25903,24751,25202,24238,24887,28086,23715,23504,23138,23115,23113,22256,21287,19600,18808,17876,27112,16516,15808,15885,15089,14261,14110,13446,13044,12534,12156,26649,11529,11094,10470,9643,8983,8531,7918,7591,6826,6511,26530,5629,5246,4657,3779,2972,2669,2254,1858,1428,1235,27513,933,667,451,319,247,141,80,69,41,94,27805,1
2003,26739,26165,27555,27936,27810,27852,29117,29491,30104,29898,30218,27265,32034,33740,34687,33684,32829,32126,32054,31561,31272,31801,27713,32909,32627,31689,31145,29504,30017,29683,29562,30127,29583,27776,29118,28268,28645,27716,26523,26639,25966,24928,25071,24189,27753,24643,23284,22637,23227,22789,22318,21422,20630,19056,18180,26488,17687,15799,15442,15628,15054,14280,14359,13934,13509,12927,25627,12745,12317,12253,11894,11434,11129,10870,10562,10191,9499,25452,9200,8172,7744,7133,6078,4857,4570,3892,3602,2984,25530,2437,1968,1519,1085,713,533,436,268,183,273,29407,27889,27771,28555,29837,28991,29216,30445,31341,31413,31341,31333,28435,32169,33623,34688,33849,32676,31791,32027,31238,31974,31555,28700,32911,31961,31605,31239,30469,29959,29572,29262,29477,29179,29360,28737,28075,28216,27333,26543,26395,26115,24828,25224,24295,28646,25191,23659,23504,23103,23031,23128,22337,21311,19414,18757,28432,17768,16557,15755,15692,14884,14000,13801,13123,12764,12276,27257,11857,11115,10792,10170,9235,8541,8021,7437,7007,6254,26878,6021,5092,4725,4147,3377,2555,2176,1853,1559,1177,26596,1109,731,487,276,215,198,96,43,43,82,31047,1
2004,29534,25472,26270,27622,28042,27956,27625,29217,29527,29408,29898,26588,31475,32790,34373,35166,34086,33122,33305,33106,31659,31298,26971,32357,33792,32977,32374,31881,30165,30571,29874,29868,30576,28797,29529,29039,28595,28721,27645,26774,26832,25935,24817,25218,27956,24377,24564,23145,22725,23181,22792,22103,21233,20491,18808,27551,18268,17515,15755,15317,15373,14944,14094,14280,13684,13180,26830,12833,12592,12184,11867,11644,11157,10688,10519,10065,9756,25411,9045,8710,7586,7199,6646,5563,4226,4057,3440,3034,26004,2548,2018,1641,1212,796,533,376,296,212,252,30151,31266,26844,27826,28810,30049,29291,29051,30227,31073,30732,31630,27761,31349,32162,34405,35155,35134,33379,32210,31916,32252,33188,28228,32138,32795,32905,31739,32173,31725,30476,29756,30292,30152,29953,29139,29139,28195,28545,27443,26796,26574,26141,24903,25245,29235,24761,25144,23672,23359,23156,22862,22977,22374,21060,19188,29046,18690,17811,16315,15571,15370,14699,13604,13476,12930,12571,28569,12063,11459,10852,10402,9818,8732,7994,7678,6917,6492,27177,5827,5543,4586,4185,3775,2949,2072,1812,1602,1203,27149,995,889,598,350,226,174,137,69,58,77,31452,1
2005,29856,25792,25765,26550,27649,28615,27661,27660,29213,29184,29236,29053,31870,31894,34426,34791,36519,35462,35548,34211,33878,31963,27987,32583,33656,34512,33417,32858,32481,31054,30546,29823,30449,28385,30680,29453,29677,28787,28472,28023,26915,26876,25726,25028,28796,25439,24405,24320,23328,22673,23379,22620,21908,21224,20318,27546,19022,18153,17409,15643,15135,15518,14670,14136,14030,13361,27587,13173,12644,12442,11778,11654,11404,10748,10304,10069,9701,26310,9302,8492,8136,7068,6714,6084,4878,3677,3677,2892,26026,2652,2089,1676,1343,865,616,421,249,252,305,29563,31492,27637,26862,28192,28727,30549,28897,29022,30059,30715,31116,30886,32231,31524,34270,34480,37476,36735,35330,33461,34538,34077,28651,34749,32631,34824,33111,33433,33909,32397,30158,30504,30816,29167,30069,29897,29473,28692,28929,27748,27217,26699,26300,24888,29407,25859,24553,25172,23638,23672,23249,22815,22957,22101,20855,29607,19105,18749,17387,16073,15409,15303,14403,13366,13358,12698,29312,12318,11588,11255,10426,10089,9284,8174,7713,7096,6496,28558,6078,5383,5009,3991,3812,3323,2430,1723,1649,1263,27464,1024,832,592,369,245,212,135,80,68,76,31490,0
2006,29341,26418,26212,26045,26731,28067,28222,27762,27682,28773,29780,29688,32021,32537,34170,35984,37288,38692,38609,37291,35620,34823,29608,34500,34459,34345,34480,33705,33504,32576,30671,30540,30394,29265,30472,30805,29990,29543,28534,29064,28186,26567,26542,25992,28380,25327,25262,24209,24322,23139,22782,22970,22281,21681,20946,28349,20303,18684,17812,17120,15218,14886,14965,14412,13578,13545,28403,13224,12844,12381,11808,11430,11208,10914,10231,9730,9686,27821,9239,8668,7910,7542,6574,6069,5375,4341,3339,3075,27473,2514,2157,1778,1364,977,711,481,281,210,401,29779,31113,28114,27654,27526,28371,29041,30070,29043,28915,29629,31001,31014,32441,33463,34836,36953,37842,39941,40002,37745,36459,36010,30863,35645,35564,35150,35486,34545,34466,33763,31895,31330,31300,30371,30985,30692,30288,29676,28792,29063,28165,27031,26762,26388,29817,25521,25511,24595,24802,23693,23436,22955,22699,22426,21713,29896,20806,18991,18086,17043,15715,15044,14786,13992,13168,12869,30049,12326,11670,11254,10595,9931,9428,8646,7930,7016,6650,29340,6118,5537,4789,4362,3650,3279,2743,2081,1576,1271,29007,1084,785,588,443,319,217,137,80,66,86,31302,0
2007,29623,27941,26756,26480,26331,27080,28579,28807,28293,28301,29995,29399,32060,35458,36952,39003,40594,40425,40943,40250,38700,36916,29870,35976,35353,35157,35002,35291,34638,34288,33071,31069,30918,29945,30841,30978,31250,30369,29785,28808,29347,28409,26719,26786,29915,26297,25560,25432,24257,24258,23081,22760,22949,22283,21625,29091,20923,20262,18638,17752,16962,15046,14670,14780,14281,13424,29013,13375,13002,12589,12159,11465,11116,10835,10556,9843,9299,28999,9273,8740,8168,7371,6989,5959,5415,4842,3848,2875,28354,2616,2085,1770,1495,1157,767,527,352,170,328,32213,31404,29335,28322,27893,27743,28593,29311,30351,29075,28625,30111,31456,33408,36321,37870,39094,40940,40601,42312,42049,39497,38096,31335,37389,37099,37135,36419,36511,35649,35729,34999,32894,32064,31127,31836,31400,31057,30603,29967,29246,29433,28304,27172,27011,30797,26728,25621,25582,24628,24840,23706,23428,22970,22695,22357,30457,21597,20694,18973,18008,16865,15471,14824,14641,13875,13082,30397,12624,11984,11276,10788,10200,9549,9015,8298,7489,6492,30496,6176,5602,5050,4339,3882,3175,2815,2343,1747,1315,29715,1026,828,606,412,333,230,130,106,43,68,34101,0
2008,32301,28740,28288,27196,26928,26700,27504,29043,29502,29621,30311,30210,32682,34885,38249,39760,41510,41488,40871,41316,40752,39144,29813,37472,36591,36350,36204,36026,36233,35364,34587,33389,31427,30236,31395,31292,31234,31607,30573,30098,29080,29462,28410,26874,30676,26817,26241,25672,25564,24222,24301,23123,22701,22981,22224,30554,21616,20859,20203,18583,17582,16941,15021,14621,14677,14157,29721,13195,13181,12819,12526,11866,11172,10705,10569,10166,9441,29563,8857,8765,8314,7770,6839,6379,5392,4919,4323,3413,29442,2471,2163,1703,1494,1282,948,566,385,212,334,35540,33784,30204,29659,28801,28363,28267,29329,30102,31112,29620,29429,31695,32022,35582,38704,39958,40281,40807,40457,42062,41801,39576,31733,38032,37237,37166,37498,36926,36957,36016,36093,35368,33139,31840,32172,31742,31532,31302,30702,30140,29465,29398,28325,27198,31965,27139,26591,25669,25447,24608,24825,23709,23391,22806,22529,31640,22179,21424,20662,18837,17874,16685,15261,14585,14351,13527,30862,12744,12338,11695,10868,10445,9789,9119,8576,7837,7090,30903,6152,5607,5058,4640,3870,3448,2783,2383,1985,1438,30912,1080,768,657,471,323,225,152,105,52,51,36855,0
2009,34952,29517,28866,28470,27400,26980,26890,27538,28945,30040,30530,32691,31673,33990,36057,39050,40088,39976,40022,40023,41190,40901,30367,39332,37420,36893,36501,36276,36248,36407,35267,34653,33460,29876,31662,31512,31222,31365,31507,30694,30241,29089,29164,28476,30888,26824,26552,26329,25697,25287,24252,24261,23114,22733,22687,31077,22101,21427,20745,20116,18383,17540,16886,15128,14523,14529,30801,13998,13032,12896,12685,12175,11606,10820,10517,10193,9773,29838,9075,8281,8235,7855,7153,6204,5770,4991,4281,3797,29563,2990,2022,1731,1467,1222,953,752,389,195,392,35901,36116,31131,30264,29989,29143,28713,28885,29951,30704,31082,29711,34051,30291,32101,35240,37719,38177,37838,39102,39120,40883,41500,31755,39259,37471,36871,37046,37419,36725,36600,35843,35945,35198,31845,33056,31849,31757,31627,31163,30780,30340,29272,29247,28282,32384,27322,26831,26631,25513,25323,24522,24659,23632,23209,22670,32488,22303,21936,21400,20504,18793,17735,16540,15192,14441,14117,31572,13290,12522,12103,11206,10670,10102,9443,8815,8052,7465,31088,6718,5592,5075,4725,4225,3495,3075,2386,2034,1693,30982,1222,816,582,497,415,204,153,146,36,64,37673,0
2010,34968,29583,29499,28983,28569,27396,27279,27200,27847,29285,30066,35063,30458,31066,32863,34646,37215,37153,37884,39100,40106,41319,32536,40970,39132,37774,37014,36505,36444,36394,36075,35209,34573,30386,33587,31840,31440,31445,31265,31595,30911,30292,28952,29392,30771,28430,26683,26791,26437,25382,25269,24236,24151,23187,22453,31306,22582,21929,21336,20729,19800,18370,17464,16778,14990,14440,31232,14342,13819,12777,12856,12383,12021,11254,10672,10171,9836,30724,9500,8551,7903,7878,7188,6481,5644,5392,4315,3742,29735,3361,2429,1658,1498,1197,886,727,557,180,413,36467,36671,31201,31005,30517,30121,29235,28801,28914,29926,29952,30154,36378,29940,29765,31390,33884,35094,34983,35647,37294,37720,40439,34004,40698,38300,36964,36799,37054,37156,36311,36285,35643,35588,32031,34817,32523,31815,31776,31279,31043,30857,29878,28999,29030,32645,28318,26860,26852,26279,25367,25143,24369,24445,23350,22985,33037,22413,21977,21852,21108,20278,18517,17465,16365,14981,14168,32261,13807,12979,12345,11580,11059,10376,9727,9108,8259,7649,31773,7143,6114,5090,4737,4251,3672,3093,2596,2026,1718,31128,1443,965,618,435,416,286,101,168,56,67,38480,0
2011,35391,29782,29576,29641,29068,28487,27523,27234,26917,27372,28313,35358,29183,28878,29127,30656,32101,34012,35343,37554,40007,40848,35053,41934,41108,39986,38229,37257,36942,36795,36119,36115,35191,32700,34789,33870,31751,31722,31275,31238,31716,30823,29944,29134,31619,29193,28140,26919,26831,25992,25307,25209,24042,24204,22818,31327,22321,22315,21773,21270,20265,19698,18183,17249,16487,14843,31502,14195,14148,13581,12770,12499,12195,11639,11125,10276,9787,31115,9536,8902,8261,7577,7213,6475,5976,5313,4635,3826,30598,3304,2725,1994,1449,1219,892,632,519,317,548,35572,37202,31399,31011,31285,30615,30175,29203,28509,28411,28918,28640,37148,30279,29073,28830,29631,30813,31826,33274,34573,36958,38482,36341,40684,40636,38599,37595,37339,37084,36962,36213,36259,35409,34394,35284,34326,32698,32091,31528,31211,31213,30336,29649,28846,33087,29163,27865,26980,26480,26174,25231,25035,24181,24223,23130,33427,22775,22069,21946,21562,20808,19860,18066,17137,15977,14571,32709,13709,13431,12712,11676,11406,10700,9961,9381,8458,7844,32466,7331,6332,5555,4746,4304,3756,3251,2637,2188,1713,31788,1403,1117,759,475,385,271,178,116,64,105,36880,0
2012,35202,30518,29730,29473,29559,28991,28368,27313,27089,26847,27537,35039,27786,28309,28325,28796,30342,31992,33928,35315,37232,39603,35060,40594,41615,40857,39660,38034,37147,36828,36850,36029,36039,34695,35048,34749,33714,31608,31516,31170,31210,31697,30768,29880,32956,29074,29111,28081,26821,26769,25897,25214,25095,23897,24069,31833,22664,22182,22186,21631,21150,20101,19532,17983,17067,16332,31438,14636,14007,13948,13351,12553,12199,11866,11315,10786,9976,31558,9367,9082,8452,7804,7206,6657,5830,5421,4775,4174,31169,3183,2639,2231,1581,1167,964,719,498,418,575,35428,36333,31831,31427,31045,31314,30652,30017,28900,28252,28241,28919,36641,27794,28907,28121,27882,28806,30160,31164,32549,33749,35785,36665,37827,40156,40080,38082,37116,37037,36871,36621,35882,35883,35836,35070,34900,33939,32408,31673,31293,31002,31059,30169,29463,34343,28637,28922,27660,26794,26284,25981,25006,24802,23982,24044,33198,22869,22483,21788,21667,21282,20505,19568,17872,16884,15772,33516,14275,13411,13124,12399,11426,11009,10186,9518,8994,8099,32787,7396,6794,5876,5133,4436,3826,3235,2786,2254,1873,32534,1371,1047,828,565,368,293,197,132,90,120,37255,0
2013,35085,31201,30613,29816,29521,29659,28966,28221,27172,27059,27039,34846,27122,27184,27971,27980,28577,30181,31420,34007,34771,36739,34782,39200,40291,41307,40509,39331,37883,37063,36664,36698,35876,34822,35818,34866,34553,33464,31430,31337,31076,31111,31547,30608,35244,29733,28886,28948,27910,26675,26577,25698,25046,24916,23784,32120,23851,22463,21963,21966,21414,20971,19970,19385,17852,16929,31843,16121,14425,13811,13737,13182,12254,11896,11552,11006,10464,31503,9532,8945,8623,8015,7419,6640,5970,5259,4897,4297,31581,3429,2496,2289,1669,1219,926,779,523,329,698,33522,36700,32330,31620,31193,30800,31108,30589,29882,28785,28426,28246,35792,28513,27147,28539,27950,27910,28655,29922,30871,32073,33201,36275,35777,37494,39843,39744,37869,36908,37115,36748,36411,35482,36134,35636,34877,34633,33649,32102,31469,31160,30851,30904,30054,36679,29305,28436,28757,27486,26642,26107,25801,24802,24599,23797,34441,23831,22565,22220,21530,21390,21017,20276,19351,17618,16656,33249,15440,13953,13090,12808,12119,11047,10576,9811,9112,8636,33532,7589,6848,6280,5420,4711,3869,3292,2752,2387,1944,32837,1429,973,752,616,418,255,232,146,100,154,35061,0
2014,33130,31340,30976,30398,29608,29300,29664,28933,28158,27439,27245,34675,26818,26753,27312,28126,28243,28723,29846,32223,33545,34378,34331,36566,39181,40154,41161,40497,39357,38362,37126,36521,36483,34578,35958,35803,34815,34437,33399,31525,31259,31059,31106,31544,35507,30555,29695,28839,28848,27859,26605,26306,25797,24988,24826,35120,23646,23762,22334,21854,21851,21213,20803,19815,19176,17711,32858,16710,15897,14221,13627,13522,12879,11931,11604,11254,10711,31951,10046,9081,8575,8178,7639,6856,6010,5390,4736,4434,31572,3550,2718,2446,1637,1318,969,766,525,336,684,32603,34528,32617,32313,31601,31112,30791,31329,30545,29864,29234,28168,36101,27894,27913,27043,28530,28011,27811,27555,30113,30356,31332,35583,33481,35262,37353,39530,39294,37560,37128,36703,36633,35728,35497,35405,35431,34592,34242,33279,32052,31378,31097,30773,30799,37451,29956,29184,28314,28610,27371,26484,25749,25821,24630,24472,36052,23588,23607,22389,22015,21348,21151,20781,20072,19101,17397,34554,16363,15118,13628,12754,12557,11735,10615,10181,9423,8756,33402,8175,7107,6402,5871,5044,4212,3373,2855,2395,2078,33635,1538,1042,754,561,472,328,208,174,119,176,34332,0
2015,32300,31307,31153,30959,30378,29760,29508,29736,28950,28687,27243,32776,26999,26276,26642,27402,28275,28443,28841,31862,31950,33904,34656,34630,36867,39265,40137,41283,40690,40451,38261,36971,36540,34480,36770,36045,35831,34845,34489,33797,31351,31314,31069,31108,35461,31468,30491,29611,28758,28768,27815,26221,26790,25558,24914,35484,24731,23533,23655,22212,21729,21723,21134,20712,19697,19056,35002,17532,16500,15683,14038,13473,13205,12563,11685,11315,10961,32949,10335,9625,8671,8201,7834,7063,6278,5478,4880,4307,31934,3682,2823,2613,1691,1281,1017,774,505,402,693,31354,33975,33358,32514,32241,31561,31210,31085,31317,30520,30545,28542,34186,28385,27637,27972,27109,28780,28057,27378,28915,29217,30121,36354,32339,32998,35346,37238,39048,39361,38339,36703,36648,35811,35045,36077,35330,35236,34368,34006,33595,31890,31305,30972,30607,37431,30663,29791,29018,28172,28448,27136,25977,26256,25421,24466,36853,24367,23268,23385,22173,21788,21106,20916,20568,19802,18852,36107,17061,15993,14794,13329,12441,12124,11302,10193,9760,9062,34760,8308,7653,6651,6001,5500,4521,3640,2928,2513,2063,33351,1675,1139,786,584,438,351,256,165,140,225,32806,2
2016,31163,31580,30936,31385,31113,30728,29862,29742,29580,29677,27997,32264,27417,26827,26753,26612,27472,28370,28480,31279,30813,32561,33294,35345,35337,37357,39531,40232,41508,42124,39503,37677,36696,34610,36770,36153,35777,35654,34948,35070,33508,31555,31477,30834,35543,31065,31129,30370,29711,28504,28721,27655,27042,26276,25408,35426,24843,24596,23430,23580,22274,21716,21816,21005,20416,19579,35264,18904,17327,16220,15377,13724,13086,12799,12308,11424,11043,35039,10517,9917,9219,8225,7655,7055,6340,5594,4808,4286,32619,3695,3049,2451,1981,1538,1161,884,540,356,615,30355,32792,33121,33028,32826,32256,31883,31262,31172,31385,31285,29270,33996,28488,27635,27423,27508,27330,28898,27753,30254,28367,29904,34826,32573,32669,34141,35835,37282,39760,40830,37405,36695,35867,36224,36457,35642,35233,35360,34480,35150,33421,31916,31268,30718,36816,30708,30347,29537,28894,28184,28168,26932,27007,25705,25299,37037,24641,24265,23286,23353,22202,21813,21091,20756,20365,19412,36802,18440,16763,15668,14391,13088,11993,11594,10770,9872,9289,36419,8596,7788,7018,6166,5364,4831,3951,3163,2557,2116,34285,1667,1321,963,746,523,387,317,190,93,155,31854,2
2017,30596,32765,31715,31134,31596,31234,31013,30305,30098,30053,30025,31324,28356,27657,26951,26878,26645,27876,28912,28937,31727,31296,32415,33029,35695,35708,37703,39919,40557,41859,42491,39946,38103,33445,37179,37262,36724,36382,36209,35278,35251,33668,31742,31668,34763,31008,31231,31288,30528,29842,28672,28850,27798,27203,26424,35713,25565,24946,24719,23593,23691,22274,21959,21693,20898,20315,35573,19463,18882,17141,16039,15218,13486,12792,12458,11980,11316,35450,10612,10042,9467,8816,7840,7136,6355,5771,5075,4376,35201,3608,3034,2494,2022,1593,1053,601,558,463,819,31035,31975,34449,33264,33207,32991,32309,32053,31420,31464,31628,31534,32823,29570,28633,27784,27440,27507,27776,29448,28337,30667,28985,34090,30451,32929,33052,34470,36215,37477,39980,41061,37737,36912,34837,36111,36725,35985,35636,35788,34862,35196,33529,32043,31345,36390,30805,30755,30447,29650,28981,28255,28221,26962,27101,25754,36986,25306,24641,24281,23357,23405,22066,21773,20905,20662,20119,37208,19110,18095,16473,15498,14164,12735,11560,11179,10347,9495,36958,8767,8056,7273,6566,5764,4844,4277,3490,2755,2268,36477,1723,1318,1028,759,578,339,184,174,174,241,32433,2
2018,31252,35376,32922,31879,31314,31702,31787,31696,30927,30799,30752,30803,30671,28986,28210,27509,27479,27158,28446,29536,29504,32140,31490,31710,33388,36106,36202,38098,40258,40972,42240,42913,40324,32574,38450,37626,37690,37244,36877,36239,35192,35182,33625,31751,33650,31680,30996,31212,31283,30490,29813,28672,28837,27788,27232,34919,26365,25554,24901,24690,23648,23576,22595,21456,21584,20792,35877,20139,19446,18500,16971,15887,14944,13148,12485,12150,11901,35708,10715,10119,9565,9034,8396,7238,6484,5750,5254,4645,35605,3667,2952,2490,2040,1664,1099,623,585,625,922,30030,32633,36709,34704,33525,33454,33181,32803,32714,32098,32132,32381,32263,32196,30313,29297,28466,28036,28174,28372,30028,28904,31128,32998,29527,30933,33338,33505,34894,36563,37796,40186,41340,38041,34309,37234,36434,37070,36333,36086,35964,34814,35154,33511,32051,35296,31381,30812,30710,30417,29651,28924,28178,28181,26896,27053,36642,25741,25239,24598,24205,23389,23198,22084,21392,20783,20337,37204,19811,18796,17794,16288,15148,13773,12275,11111,10781,10000,37472,8971,8182,7553,6813,6134,5202,4310,3793,3110,2414,37250,1774,1367,1078,837,623,386,183,176,233,276,31689,2
2019,30192,35763,35501,33047,32015,31410,32113,32117,32080,31313,31123,31425,31233,31180,29339,28493,27879,27869,27849,29059,30167,30081,30898,32685,32226,33946,36551,36780,38591,40678,41432,42608,43321,31591,40886,39012,38200,38219,37776,37195,36331,35282,35280,33727,32703,31862,31763,31123,31267,31362,30592,29899,28760,28904,27874,33740,27325,26418,25637,24984,24764,23696,23414,22156,21373,21457,35032,20625,19909,19050,18310,17876,15647,14671,13981,12199,11900,35981,11282,10337,9640,9147,8682,7633,6403,5750,5082,4655,35818,4089,3288,2657,2079,1831,1032,640,533,379,898,29593,31918,37508,36926,34999,33803,33687,33307,32947,32712,32125,32257,32957,32447,32265,30701,29487,28687,28617,28804,28957,30599,29526,32440,31663,30225,31586,33885,34125,35362,36952,38234,40596,41792,33173,38422,37620,36918,37442,36751,36427,36130,35059,35249,33691,34906,32225,31560,30882,30795,30516,29678,28964,28218,28242,26966,35563,27078,25718,25214,24565,24217,23207,22927,21794,21130,20487,36935,20002,19441,18475,17479,15910,14720,13297,12704,10749,10422,37461,9519,8426,7722,7043,6435,5477,4501,3751,3319,2713,37745,1999,1536,1217,951,715,284,230,181,130,178,30809,2
2020,29173,36138,35886,35559,33301,32269,32072,32737,32357,32285,31578,30128,31087,31249,31169,29829,28750,29059,29070,29030,30190,30967,31311,31397,33361,33157,35151,37272,37257,38836,40946,41690,42943,31021,43543,41113,39190,38483,38449,37897,37246,36481,35473,35453,31888,33885,32037,31914,31263,31445,31508,30727,29993,28899,29080,33160,27967,27427,26477,25712,25087,24679,23864,23292,22686,21231,34116,21235,20359,19667,18830,18090,17452,15284,14377,13521,11922,35246,11454,10759,9897,9210,8747,7864,6699,5668,5077,4506,36190,4100,3556,2730,2160,1776,1086,702,540,333,848,28322,30775,37947,37643,36981,35070,33936,33979,33768,33272,33028,32342,32266,32422,32598,32570,31023,29808,29157,29082,29288,29464,31059,33299,30603,32265,31149,32665,34565,34707,35989,37563,38855,40998,32568,41950,38620,37892,37227,37813,37096,36444,36138,35162,35233,33873,33770,32275,31577,30940,30817,30529,29714,29062,28246,28266,35152,26829,26930,25609,25076,24487,24047,23283,22726,21951,20958,35756,20269,19614,19136,18147,17163,16254,14243,12859,12214,10372,37182,9899,8923,7931,7311,6662,5721,4731,3915,3265,2862,37650,2150,1651,1232,714,685,367,151,204,102,202,29845,2
2021,28441,36359,36491,36216,35742,33656,32637,32149,32639,32023,31912,29256,30917,30768,31266,30741,29397,28840,29203,29133,29226,30931,30614,32120,32697,34181,34423,36017,37669,37935,39415,41424,42245,30992,43090,43739,41136,39426,38700,38442,37391,36916,36591,35722,30924,35319,34065,32062,31942,31327,31373,31487,30649,29872,28842,32382,28999,27865,27231,26216,25461,24765,24423,23811,23085,22485,33512,20942,20868,20094,19343,18530,17688,16912,14853,13974,13395,34418,11455,10871,10241,9439,8794,7931,6840,5853,4983,4450,35468,4259,3801,2833,2252,1712,1189,827,688,445,925,27447,29573,37665,38094,37706,36956,35147,34057,34172,33733,33028,32615,30462,31682,31851,32111,32085,30572,29486,29558,29250,29514,29702,32494,31827,31153,32687,31983,33382,34962,35352,36440,38083,39482,33166,40943,42184,38789,38104,37472,38251,37008,36363,36139,35344,33359,35347,34009,32509,31824,31139,30910,30629,29865,29192,28375,34117,28193,26861,26891,25609,25129,24315,23659,23303,22496,21739,35338,20640,20054,19260,18725,17772,16646,15597,13730,12440,11986,35940,9812,9239,8296,7376,6852,5927,4952,4138,3408,2835,37246,1961,1734,1067,818,586,300,259,208,152,211,28421,2
2022,27646,36175,36918,37373,36847,36053,34346,33188,32859,32760,31996,28987,31804,30556,31243,30487,29845,29810,29228,29882,30009,31113,29546,33291,33897,34641,34714,36556,38447,39277,39571,41246,42926,29930,43855,43916,43656,41612,39614,38925,38327,37661,37348,37261,31445,36829,35246,34618,32392,32352,31962,31438,32022,30879,30207,32735,29757,29099,28139,26509,26315,25646,24867,24674,23179,23521,33655,22366,21348,21294,20250,19259,18449,17744,16015,14696,13976,34547,12231,11186,10761,9970,8886,8312,7491,6756,5924,4942,35296,4278,3779,2797,2314,1736,1340,955,731,491,926,28138,28985,38187,38391,39036,38484,37415,35939,34734,34981,33907,33066,30263,32481,31460,31905,31423,30737,30489,29700,29492,29191,30220,31050,31289,32386,32518,32003,33231,35118,35934,36580,37770,38941,31743,40992,41594,41906,39469,38112,38181,37494,37191,36716,36901,32787,36699,35102,34538,32837,32266,31799,30921,31079,30029,29408,34168,29163,28010,27386,26138,25318,25345,24004,23827,22711,22708,35529,21647,20585,20118,19247,18570,17638,16193,14671,13423,12212,36369,10769,9486,8794,7920,6755,6174,5365,4499,3772,3023,37048,2446,1941,1297,937,717,481,327,218,130,259,29546,2
2023,28642,35889,36722,37463,37880,37343,36743,34611,33424,33080,32863,28099,32067,31926,30751,31241,30499,30253,31056,30325,31038,31129,29478,32323,34500,35067,35835,35863,37786,39703,40415,40835,42420,30077,43979,44887,44954,44599,42584,40220,39317,38710,38055,37746,30448,37597,37146,35545,34995,32746,32652,32274,31760,32307,31181,32041,30470,30011,29361,28382,26748,26421,25632,24792,24635,23138,33311,23401,22163,21171,21102,20097,18903,18048,17347,15637,14336,34269,13448,11707,10660,10293,9503,8018,7232,6517,5887,5136,35135,4332,3707,3331,2428,2001,1485,1159,821,632,1248,28298,29995,37651,38787,38961,39560,38968,37953,36196,35172,35322,34091,29499,33292,32627,31663,32078,31616,31423,31648,30728,30567,30336,30767,31210,32223,33451,33472,33038,34259,36070,36850,37473,38693,31496,39757,41753,42276,42682,40263,38621,38335,37625,37282,36825,32299,37020,36754,35160,34578,32931,32279,31789,30952,31079,30036,33317,29466,29194,28027,27407,26156,25154,25140,23764,23663,22490,34751,22392,21256,20241,19793,18929,18060,17038,15631,14120,12970,36126,11608,10038,8892,8184,7427,5945,5302,4604,3891,3216,36949,2579,2099,1670,1117,806,643,422,295,197,352,27418,2
